id,parent_category,sub_category,sub_sub_category,name,urdu_name,tagline,description,hero_image
dholak,Festive Drops,Dholak Drop,Sangeet & Festive Pret,Dholak Festive Collection,ڈھولک کلیکشن,"Vibrant Hues, Mirror Work & Rhythmic Festive Joy",Celebratory Pakistani festive pret and wedding wear designed for lively sangeet nights and musical celebrations.,https://cdn.shopify.com/s/files/1/2337/7003/files/20260926202520-edb6e189a5844c5a-media_image.jpg
banur,Festive Drops,Banur Drop,Pastel Metallic Pret,Banur Festive Couture,بانور کوتور,Subtle Radiance & Delicate Metallic Sheen,Heritage-inspired formal pret featuring gossamer pastel fabrics and fine badla embroidery.,https://cdn.shopify.com/s/files/1/2337/7003/files/20260907085821-651e111551474262-media_image-a509470cfb314b8daaee82b7cd609ad2.jpg
dilruba,Festive Drops,Dilruba Drop,Jewel Toned Velvet & Silk,Dilruba Luxury Edition,دلربا ایڈیشن,Passionate Jewel Tones & Regal Embellishments,Opulent crimson and deep ruby luxury pret accented with dense resham and sparkling zardozi.,https://cdn.shopify.com/s/files/1/2337/7003/files/20260824124653-9d0b6d54a9544880-media_image-def810c7766b4e06982c03d1c71a7fe4.jpg
naqs,Festive Drops,Naqs Drop,Architectural Hand Needlework,Naqs Fine Couture,نقش فائن کوتور,Intricate Geometric & Floral Thread Etchings,"Architectural embroideries, symmetric jaal compositions, and fine hand-needle craftsmanship.",https://cdn.shopify.com/s/files/1/2337/7003/files/20260729091158-63637c49cbb84e22-media_image-6470f0a5a5a844aea8c48be56fa4bd92.jpg
zahia,Festive Drops,Zahia Drop,Crystalline Shimmer Evening Pret,Zahia Collection,زاہیہ کلیکشن,Radiant Celebrations of Light & Crystalline Shimmer,Luminous evening silhouettes featuring pearlescent sequence sprays and iridescent organza textures.,https://cdn.shopify.com/s/files/1/2337/7003/files/20260721090737-7bb44f50814d40c4-media_image-736dbe06b65e4ac59b066964018fcf7c.jpg
gulal,Festive Drops,Gulal Drop,Spring Garden Florals,Gulal Festive Drop,گلال کلیکشن,Soft Florals & Ethereal Daywear Elegance,Delicate botanical threadwork and breezy organza drapery for daytime nikah and garden celebrations.,https://cdn.shopify.com/s/files/1/2337/7003/files/20260618080421-b527e751c5cb4c73-media_image-99e191ae09fc407b93ca4c9561860f5b.jpg
sale-10-10,Promotions & Specials,10.10 Festive Sale,Up to 60% Off Specials,10.10 Festive Sale,۱۰.۱۰ سیل,Limited-Time Seasonal Reductions Up to 60% Off,Exclusive seasonal promotion on Haseens Official iconic luxury pret and festive signatures.,https://cdn.shopify.com/s/files/1/2337/7003/files/9e2cadb36342a3f8bcdb7e2261c73d9e_2724e1d6-fa3f-447b-b9a0-21dd289fd1e9.jpg?v=1754743104
lawn,Lawn Collections,Luxury Lawn Edition,80s Count Schiffli Lawn 3-Piece,Luxury Lawn Edition,لگژری لان,Breathable Premium Summer Fabrics with Embroidered Organza Dupattas,Finest 80s count lawn suits featuring hand-cut Schiffli borders and diaphanous chiffon dupattas.,https://cdn.shopify.com/s/files/1/2337/7003/files/media_image-1efeb36befe64deb88d3483bdc5097bf_08b6e8f6-6012-42c4-9513-b273385f714c.png?v=1762360123
gharara,All Products,Gharara,Regal Farshi & Pleated Gharara,Gharara Ensembles,غرارہ سوٹ,Nawabi Elegance Crafted with Generational Heritage,Regal flared pleated ghararas with heavily embellished borders and matching short kurtis.,https://cdn.shopify.com/s/files/1/2337/7003/files/cropped_image-172985983209405_1a97523d-5c24-4dc2-be52-c271024811f7.jpg?v=1759823820
pishwas,All Products,Pishwas,Royal 36-Kali Pishwas,Royal Pishwas,شاہی پیشواز,Grand Kalidar Flare Inspired by Mughal Splendor,Sweeping 36-to-48 kali gowns with densely hand-worked choli bodices and trailing organza dupattas.,https://cdn.shopify.com/s/files/1/2337/7003/files/0011_9498D020-E6A8-49EF-A050-4F306484DCE7.jpg?v=1687592607
maxi,All Products,Maxi,Floor Touching Kalidar Maxi,Luxury Pret Maxi,لگژری میکسی,Sweeping Evening Silhouettes in Pure Silk & Chiffon,"Graceful floor-length flowing maxis adorned with intricate threadwork, pearls, and micro sequins.",https://cdn.shopify.com/s/files/1/2337/7003/files/20260116160032-17b85463f59744a3-media_image-c526ab75ae8e430988fe00c6ba93ce96.jpg
lehenga,All Products,Lehenga,Bespoke Bridal Lehenga,Bridal Lehenga,عروسی لہنگا,"Heirloom Masterpieces for Barat, Nikah & Reception","Bespoke bridal lehengas featuring traditional zardozi, dabka, naqshi, resham floral jaals, and scalloped matha patti dupattas.",https://cdn.shopify.com/s/files/1/2337/7003/files/20260327173453-a5283cac5e56493c-media_image-e754a80ca89a4746bfea6746c2c74b56.jpg
sharara,All Products,Sharara,Celebratory Sangeet Sharara,Festive Sharara,شرارہ سوٹ,Celebratory Flared Silhouettes for Mehndi & Sangeet,Flared silhouette bottoms paired with mid-length embroidered shirts and rich contrast dupattas.,https://cdn.shopify.com/s/files/1/2337/7003/files/media_image-341304cceb3f4ac0aa94ee25eb171a72.jpg
gown,All Products,Gown,Contemporary Haute Couture Gown,Contemporary Couture Gown,جدید گاﺅن,East Meets West Haute Couture for Galas & Walima,"Modern fusion evening gowns with structural drapes, capes, and delicate crystal embroidery.",https://cdn.shopify.com/s/files/1/2337/7003/products/7e279fc0d4cbd037e84c28158771db8d.jpg?v=1707974676
